Transkribtionen zum veröffentlichen,,,,,,,,,
,,,,,,,,,
ID,Bezeichnung,Kategorie,Ort,Jahr,Monat,Tag,Original Datum,Archiv,Info
,,,,,,,,,
p1,Johannes XVIII. bestätigt Bischof Rethar von Paderborn Besitzungen seiner Kirche,Papsturkunde,Lateran,1005,Dezember,,1005 Dezember,,"DIGUB 2,1 Nr. 3"
p2,Leo IX. bestätigt Kloster Gorze seine Besitztümer,Papsturkunde,Lateran,1051,Januar,15,1051 Januar 15,,"DIGUB 2,1 Nr. 14"
p3,Leo IX. bestätigt Erzbischof Hermann von Köln für seine Kirche den Besitz des Klosters Brauweiler,Papsturkunde,Lateran,1052,Mai,7,1052 Mai 7,,"DIGUB 2,1 Nr. 15"
p4,Viktor II. für Stift Sankt Simon und Judas in Goslar,Papsturkunde,Lateran,1057,Januar,9,1057 Jan. 09,,"DIGUB 2,2 Nr. 1"
p5,Viktor II. bestätigt Kloster Fulda Besitzungen und Rechte,Papsturkunde,Lateran,1057,Februar,9,1057. Febr. 9,,"DIGUB 2,2 Nr. 2"
p6,Benedikt X. bestätigt Bischof Hezelo von Hildesheim Besitztümer des von ihm errichteten Klosters St. Moritz,Papsturkunde,Lateran,1058,,,1058,,"DIGUB 2,2 Nr. 3"
p7,Alexander II. bestätigt Kloster Siegburg und trifft weitere Verfügungen,Papsturkunde,Lateran,1066,Mai,15,1066 Mai 15,,"DIGUB 2,2 Nr. 6"
p8,Gregor VII. bestätigt Freiheiten des Klosters Allerheiligen,Papsturkunde,Lateran,1080,Mai,3,1080 Mai 3,,"DIGUB 2,2 Nr. 14"
p9,Urban II. nimmt Stift Rottenbuch in pästlichen Schutz,Papsturkunde,Rom,1090,März,6,1090 März 6,,"DIGUB 2,2 Nr. 15"
p10,Urban II. bestätigt Freiheiten des Klosters Allerheiligen,Papsturkunde,Rom,1090,März,6,1090 März 6,,"DIGUB 2,2 Nr. 16"
p11,Urban II bestätigt Abt Sigfried von Allerheiligen bei Schaffhausen seine Besitztümer,Papsturkunde,Anagni,1092,Januar,26,1092 Januar 26,,"DIGUB 2,2 Nr. 17"
p12,Urban II. nimmt Kloster Reinhardsbrunn in päpstlichen Schutz,Papsturkunde,Anagni,1092,März,23,1092 März 23,,"DIGUB 2,2 Nr. 19"
p13,Urban II. nimmt Kloster Zwiefalten in päpstlichen Schutz,Papsturkunde,Monte Gargano  ,1093,April,20,1093 April 20,,"DIGUB 2,2 Nr. 20"
p14,Urban II. nimmt Kloster Reinhardsbrunn in päpstlichen Schutz und verleiht freie Abtswahl,Papsturkunde,Rom,1094,Februar,17,1094 Feb.17,,"DIGUB 2,2 Nr. 21"
p15,Urban II. bestätigt Kloster S. Abbondio bei Como Besitzungen und Rechte,Papsturkunde,Mailand,1095,Mai,,1096 Mai 16,,"DIGUB 2,2 Nr. 22"
p16,Urban II. bestätigt Abt Sigfried von Allerheiligen bei Schaffhausen Besitztümer und Gerechtsame seines Klosters,Papsturkunde,Lyon,1095,Oktober,8,1096 October 8,,"DIGUB 2,2 Nr. 23"
,,,,,,,,,
,,,,,,,,,
,,,,,,,,,
k1,4 Kardinäle verleihen der Stiftskirche zu Herzogenburg Ablass von 100 Tagen,Kardinalablass,Rom,1413,April,8,1413 April 8,,
k2,8 Kardinäle stellen 100 Tage Ablassbrief für Besucher der Pfarrkirche Mariä Himmelfahrt in Aichach aus,Kardinalablass,Konstanz,1415,März,17,1415 März 17,,
k3,5 Kardinäle Ablass für Pfarrkirche St. Ignatius und den dortigen Marienaltar in Mainz,Kardinalablass,Konstanz,1418,Januar,15,1418 Jänner 15,,
k4,7 Kardinäle geben Ablass für Schildesche Stiftskirche,Kardinalablass,Konstanz,1418,Januar,20,1418 Jänner 20,,
k5,7 Kardinäle geben Ablass für Kirche des Zisterzienserstiftes Rein,Kardinalablass,Konstanz,1418,Januar,23,1418 Jänner 23,,
k6,7 Kardinäle gewähren Unterstützern der Kapelle St. Leonhard in Spital am Pyhrn Ablass,Kardinalablass,Konstanz,1418,April,13,1418 April 13,,
k7,6 Kardinäle geben Ablass für Pfarrkirche in Tannberg in Augsburger Diözese,Kardinalablass,Konstanz,1418,Dezember,18,1418 Dezember 18,,
k8,8 Kardinäle geben Ablass für Filialkapelle St. Leonhard in Abtei (Alta Badia - in Südtirol) ,Kardinalablass,Mantua,1459,Oktober,12,1459 Oktober 12,,
k9,8 Kardinäle geben Ablass für Marienkapelle außerhalb Klosters Schlägl,Kardinalablass,Rom,1462,März,8,1462 März 8,,
k10,8 Kardinäle geben Ablass für St. Peter- und Katharinenkapelle in Propstei von Schlägl,Kardinalablass,Rom,1462,März,8,1462 März 8,,
k11,10 Kardinäle geben Ablass für Marienkirche zu Choestling (Kösslarn),Kardinalablass,Rom,1465,Oktober,15,1465 Oktober 15,,
k12,13 Kardinäle geben Ablass für Kloster Gleink,Kardinalablass,Rom,1467,Oktober,8,1467 Oktober 8,,
k13,Indulgenz für den Konvent von Fulda,Kardinalablass,Rom,1469,Mai,4,1469 Mai 4,,
k14,8 Kardinäle geben Ablass für Spital in Bochum,Kardinalablass,Rom,1470,April,15,1470 April 15,,
k15,Indulgenz für Pfarrkirche Peter und Paul in Bruck,Kardinalablass,Rom,1470,Mai,20,1470 Mai 20,,
k16,Indulgenz (2 Aussteller) für Jakobskirche in Mondsee,Kardinalablass,Rom,1471,April,4,1471 April 4,,
k17,Indulgenz (4 Aussteller) für Dominikanerkirche St. Peter und Paul in Mühlhausen,Kardinalablass,Rom,1471,Mai,2,1471 Mai 2,,
k18,Indulgenz (12 Aussteller) für Marienkapelle im Burenfeld bei Schüttorf,Kardinalablass,Rom,1472,November,3,1472 November 3,,
k19,Indulgenz für Onze-Lieve-Vrouw Kapelle in Hulsterloo,Kardinalablass,Rom,1474,Februar,20,1474 Feber 20,,
k20,Indulgenz (14 Aussteller) für der hl. Margaretha geweihten Kirche Mühldorf (Niederranna) Urk.1840,Kardinalablass,Rom,1475,März,21,1475 März 21,,
k21,Indulgenz (14 Aussteller) für der hl. Margaretha geweihten Kirche Mühldorf (Niederranna) Urk.1841 ,Kardinalablass,Rom,1475,März,21,1475 März 21,,
k22,Indulgenz für die dem hl. Benedikt geweihten Pfarrkirche in Altmünster,Kardinalablass,Rom,1475,Oktober,12,1475 Oktober 12,,
k23,Indulgenz für Marienbruderschaft am Andreas Altar in Pfarrkirche in Pressburg,Kardinalablass,Rom,1475,Dezember,10,1475 Dezember 10,,
k24,17 Kardinäle gewähren Niklaskapelle in Steyr Ablass,Kardinalablass,Rom,1475,Dezember,16,1475 Dezember 16,,
k25,Indulgenz (20 Aussteller) für Moritzkapelle,Kardinalablass,Rom,1476,März,24,1476 März 24,,
k26,Indulgenz (8 Aussteller) für Pfarrkirche St. Michael in Fürth,Kardinalablass,Rom,1476,Dezember,3,1476 Dezember 3,,
k27,Indulgenz (8 andere Aussteller) für Pfarrkirche St. Michael in Fürth,Kardinalablass,Rom,1476,Dezember,3,1476 Dezember 3,,
k28,Indulgenz für Pfarrkirche Dörnrode bei Mühlhausen,Kardinalablass,Rom,1480,März,1,1480 März 1,,
k29,Indulgenz für St. Nikolai Kirche in Hamburg,Kardinalablass,Rom,1484,Juni,22,1484 Juni 22,,
k30,Indulgenz für Klosterkirche von St. Paul im Lavanttal,Kardinalablass,Rom,1484,September,7,1484 September 7,,
k31,Indulgenz für Altar in Augustiner Eremitenkirche in Mainz,Kardinalablass,Rom,1484,September,25,1484 September 25,,
k32,Indulgenz für Pfarrkirche St. Stephan Hartkirchen,Kardinalablass,Rom,1484,November,6,1484 November 6,,
k33,9 Aussteller gewähren 100 Tage Ablass für Kapelle St. Daniel bei Mühlhausen,Kardinalablass,Rom,1485,April,7,1485 April 7,,
k34,Indulgenz (12 Aussteller) für Marienkirche zu Mühlhausen,Kardinalablass,Rom,1485,April,26,1485 April 26,,
k35,Indulgenz für Pfarre in Diözese Sion,Kardinalablass,Rom,1486,Juni,9,1486 Juni 9,,
k36,Indulgenz (10 Aussteller) für Pfarrkirche St. Marien in Altshausen,Kardinalablass,Rom,1487,Juli,6,1487 Juli 6,,
k37,Indulgenz für Pfarrkirche St. Martin von Stolberg im Harz,Kardinalablass,Rom,1488,April,7,1488 April 7,,
k38,Indulgenz (14 Aussteller) für Hochaltar des Kollegiatstifts St.Bartholomäus in Diözese Mainz,Kardinalablass,Rom,1488,August,18,1488 August 18,,
k39,7 Kardinäle gewähren Unterstützern der Kapelle St. Leonhard in Spital am Pyhrn Ablass,Kardinalablass,Rom,1489,April,20,1489 April 20,,
k40,19 Kardinäle gewähren Besuchern der Klosterkirche von Weingarten Ablass,Kardinalablass,Rom,1490,September,9,1490 September 9,,
k41,Indulgenz (12 Aussteller) für Santa Maria de Laqua,Kardinalablass,Rom,1491,Juli,19,1491 Juli 19,,
k42,Indulgenz (18 Aussteller) für Pfarrkirche St. Jakob in Buchbach in Erz-Diözese Salzburg,Kardinalablass,Rom,1492,August,31,1492 August 31,,
k43,Indulgenz (17 Aussteller) für Rosenkranzkapelle der Klosterkirche von Retz,Kardinalablass,Rom,1493,März,23,1493 März 23,,
k44,Indulgenz für Laurenz Pfarrkirche bei Pressburg,Kardinalablass,Rom,1493,April,3,1493 April 3,,
k45,Indulgenz für Elisabethkapelle im Franziskanerkloster in Encono..... Diözese Csanad Rumänien,Kardinalablass,Rom,1493,April,12,1493 April 12,,
k46,22 Kardinäle verleihen Pfarrkirche St. Oswald Ablass von 100 Tagen,Kardinalablass,Rom,1494,März,28,1494 März 28,,
k47,22 Kardinäle verleihen Filialkirche Haslach Ablass von 100 Tagen,Kardinalablass,Rom,1494,März,28,1494 März 28,,
k48,Indulgenz für Büßerinnenhaus in Wien,Kardinalablass,Rom,1496,August,29,1496 August 29,,
k49,Indulgenz (16 Aussteller) für Kloster der Augustiner Eremiten in Schmalkalden,Kardinalablass,Rom,1498,Mai,10,1498 Mai 10,,
k50,Indulgenz (10 Aussteller) für Marienkapelle in Zemendorf Wiener Neustadt ,Kardinalablass,Rom,1499,September,6,1499 September 6,,
k51,Indulgenz (20 Aussteller) für Rosenkranzkapelle der Dominikanerkirche von Retz,Kardinalablass,Rom,1500,Januar,8,1500 Jänner 8,,
k52,Indulgenz (24 Aussteller) für Jakobskirche in Schärding,Kardinalablass,Rom,1500,Januar,25,1500 Jänner 25,,
k53,Indulgenz (24 Aussteller) für Kapelle der hl. Agatha in Kirstberg,Kardinalablass,Rom,1500,März,5,1500 März 5,,
k54,12 Kardinäle stellen Kapelle der hl. Dreifaltigkeit in Kristberg Ablassbrief aus,Kardinalablass,Rom,1500,März,5,1500 März 5,,
k55,Indulgenz (19) Aussteller) für Kloster Retz,Kardinalablass,Rom,1500,April,12,1500 April 12,,
k56,Indulgenz (16 Aussteller) für Pfarrkirche St. Nikolaus in Haslach,Kardinalablass,Rom,1500,Juni,4,1500 Juni 4,,
k57,Indulgenz (20 Aussteller) für Kirche des Dominikanerklosters von Retz,Kardinalablass,Rom,1500,September,26,1500 September 26,,
k58,Indulgenz für den Marienaltar in der Pfarrkirche Großenlüder,Kardinalablass,Rom,1500,Oktober,23,1500 Oktober 23,,
k59,Indulgenz für Pfarrkirche in Strögen,Kardinalablass,Rom,1500,November,18,1500 November 18,,
k60,Indulgenz (13 Aussteller) für Petruskirche in Poppenreuth,Kardinalablass,Rom,1501,Februar,10,1501 Februar 10,,
k61,Indulgenz (20 Aussteller) für Marienaltar der Pfarrkirche von Unna bei Dortmund,Kardinalablass,Rom,1503,Mai,20,1503 Mai 20,,
k62,Indulgenz (6 Aussteller) für Marienaltar der Salvatorkapelle in Wien,Kardinalablass,Rom,1503,November,8,1503 November 8,,
k63,Indulgenz für Marienkapelle in Ungerhausen,Kardinalablass,Rom,1507,Juli,20,1507 Juli 20,,
k64,Indulgenz für Krypta der Kapelle St. Helena in Diözese Passau,Kardinalablass,Rom,1509,Juni,18,1509 Juni 18,,
k65,Indulgenz (7 Aussteller) für Kirche zu Altheim in Mainzer Diözese,Kardinalablass,Rom,1510,Januar,2,1510 Jänner 2,,
k66,Indulgenz für Dreifaltigkeitskapelle im Schloss Pfannhof in Diözese Gurk (bei St. Veit in Kärnten),Kardinalablass,Rom,1512,November,10,1512 November 10,,
k67,Indulgenz (23 Aussteller) für Kirche St. Ägidius in Fusch an Glocknerstrasse,Kardinalablass,Rom,1513,März,2,1513 März 2,,
k68,Indulgenz (10 Aussteller) für Erasmus- und Helenenkapelle in Wien,Kardinalablass,Rom,1513,April,20,1513 April 20,,
k69,Indulgenz für Kapelle des heiligen Leonhard bei Stift Spital am Pyhrn,Kardinalablass,Rom,1513,November,11,1513 November 11,,
k70,Indulgenz für St. Annenkapelle am Schildaue Stadttor zu Hirschberg,Kardinalablass,Rom,1516,März,12,1516 März 12,,
k71,Indulgenz für Dreifaltigkeitskapelle in Kirche von Dun-sur-Meuse,Kardinalablass,Rom,1516,März,12,1516 März 12,,
k72,Indulgenz (12 Aussteller) für St. Jakobusaltars in Pfarrkirche St. Leonhard in Basel,Kardinalablass,Rom,1517,November,29,1517 November 29,,
k73,Indulgenz (5 Aussteller) für Pfarrkirche St. Lorenz in Nürnberg,Kardinalablass,Rom,1518,Januar,2,1518 Jänner 2,,
k74,Indulgenz für Kapelle der hl. Katharina in Kitzbühel,Kardinalablass,Rom,1518,April,9,1518 April 9,,
k75,Indulgenz für Kapelle der Heiligen Jungfrau Maria bei Kirche des Heiligen Thomas in Leipzig,Kardinalablass,Rom,1518,April,23,1518 April 23,,
k76,Indulgenz für Pfarrkirche der hl. Stephan und Laurenz in Lindenberg (Allgäu),Kardinalablass,Rom,1518,September,3,1518 September 3,,
k77,Indulgenz (29 Aussteller) für Wallfahrt zur Schönen Maria in Regensburg,Kardinalablass,Rom,1519,Juni,2,1519 Juni 2,,
k78,Indulgenz (24 Aussteller) für St. Peter in Salzburg,Kardinalablass,Rom,1520,Januar,13,1520 Jänner 13,,
k79,Indulgenz für Pfarrkirche St. Jakob in Kirchberg (am Wechsel),Kardinalablass,Rom,1521,März,16,1521 März 16,,
k80,Indulgenz für Dominikanerkirche St. Peter (in der Sperr) in Wiener Neustadt,Kardinalablass,Rom,1523,August,22,1523 August 22,,
k81,Indulgenz für Pfarrkirche St. Erhard des Klosters St. Paul im Lavanttal,Kardinalablass,Rom,1524,Mai,24,1524 Mai 24,,
,,,,,,,,,
,,,,,,,,,
,,,,,,,,,
b1,Indulgenz für Kirche Altötting,Bischofablass,Salzburg,1233,Februar,20,1233 Februar 20,,
b2,Indulgenz für Kirche in Wien,Bischofablass,Wien,1277,Februar,9,1277 Februar 9,,
b3,Indulgenz (10 Aussteller) für Kloster Kemnade,Bischofablass,Orvieto,1283,Juli,14,1283 Juli 14,,
b4,Indulgenz (12 Aussteller) für Zisterzienserinnenabtei Marienstern,Bischofablass,Orvieto,1283,Oktober,1,1283 Oktober 1,,
b5,Indulgenz (10 Aussteller) für Benediktinerabtei Stift Altenburg,Bischofablass,Orvieto,1284,März,9,1284 März 9,,
b6,Indulgenz für Onze Lieve Vrouw Geboorte in Tongeren,Bischofablass,Orvieto,1284,März,30,1284 März 30,,
b7,Indulgenz (15 Aussteller) für das Kloster Berge,Bischofablass,Orvieto,1284,Juni,18,1284 Juni 18,,
b8,"Indulgenz für von Propst, Dekan und Kapitel beabsichtigten Bau der Kapitelkirche Mariengreden",Bischofablass,Orvieto,1284,September,1,1284 September 1,,
b9,Indulgenz (7 Aussteller) für St. Martin in Halberstadt,Bischofablass,Rom,1285,September,22,1285 September 22,,
b10,Indulgenz (12 Aussteller) für Dom von Magdeburg,Bischofablass,Rom,1285,Oktober,25,1285 Oktober 25,,
b11,Indulgenz für das Marienspital in Braunschweig,Bischofablass,Rom,1286,Juni,3,1286 Juni 3,,
b12,Indulgenz (11 Austeller) für Stiftskirche zu Göttweig,Bischofablass,Rom,1287,Februar,28,1287 Februar 28,,
b13,Indulgenz für Röttingen,Bischofablass,Würzburg,1287,März,13,1287 März 13,,
b14,Indulgenz (8 Aussteller) für Kapelle in Gerolding,Bischofablass,Rom,1287,März,14,1287 März 14,,
b15,Indulgenz (10 Aussteller) für Spital in Regensburg,Bischofablass,Rom,1287,März,21,1287 März 21,,
b16,Indulgenz für Kollegiatstift Mariengreden,Bischofablass,Würzburg,1287,März,23,1287 März 23,,
b17,Indulgenz für Stift Altenburg,Bischofablass,Rom,1287,,,1287 00-00,,
b18,Indulgenz für Zisterzienserkloster Waldsassen ,Bischofablass,Würzburg,1287,März ,23,1287 März 23,,
b19,"Indulgenz für Andenken von Graf Floris V., dessen Frau Beatrix und Willhelm II. von Holland",Bischofablass,Rom,1287,,,1287 00-00,,
b20,Indulgenz (4 Aussteller) für Kloster Melk,Bischofablass,Rom,1288,Februar,15,1288 Februar 15,,
b21,Indulgenz für neu errichtete Kapelle in Klosterneuburg,Bischofablass,Klosterneuburg,1288,März,21,1288 März 21,,
b22,Indulgenz (8 Aussteller) für neue Kapelle Herzog Albrechts I. von Österreich in Klosterneuburg,Bischofablass,Salzburg,1288,November,11,1288 November 11,,
b23,Indulgenz (6 Aussteller) für das Kloster Seeon,Bischofablass,Salzburg,1288,November,13,1288 November 13,,
b24,Indulgenz (12 Aussteller) für Pfarrkirche St. Magni in Braunschweig,Bischofablass,Rom,1288,Dezember,12,1288 Dezember 12,,
b25,Indulgenz (12 Aussteller) für Kapelle der heiligen Märtyrer Gangolf und Laurentius in Einsiedeln,Bischofablass,Rieti,1288,,,1288 00 00,,
b26,"Indulgenz für das Seelenheil des Herzogs Heinrich II. von Österreich, Stifters des Schottenklosters zu Wien",Bischofablass,Rieti,1288,,,1288 00 00,,
b27,Indulgenz (20 Aussteller) für Marienkirche des Nonnenklosters in Allendorf ,Bischofablass,Rom,1289,August,14,1289 August 14,,
b28,Indulgenz (10 Aussteller) für Abdinghof,Bischofablass,Rom,1289,April,9,1289 April 09,,
b29,Indulgenz (10 Aussteller) für das Minoritenklosters und dessen Kirche in Paderborn,Bischofablass,Rom,1289,April,13,1289 April 13,,
b30,Indulgenz (16 Aussteller) für das Kloster Hersfeld,Bischofablass,Rom,1289,April,13,1289 April 13,,
b31,Papst Nikolaus IV. erteilt für Kirche Mariengreden in Mainz alljährlichen Ablass von 1 Jahr und 40 Tagen,Bischofablass,Rom,1289,April,17,1289 April 17,,
b32,Indulgenz für Kloster Langheim,Bischofablass,Rom,1289,Juli,31,1289 Juli 31,,
b33,Indulgenz (10 Aussteller) zum Wohl des Klosters Hersfeld,Bischofablass,Rom,1289,Dezember,13,1289 Dezember 13,,
b34,Indulgenz (14 Aussteller) für vor Fulda gelegenes Heilig-Geist- und Marienhospital,Bischofablass,Rom,1290,März,1,1290 März 1,,
b35,Indulgenz für das Zisterzienserinnenkloster Altmünster in Mainz,Bischofablass,Rom,1289,,,1289 XX XX,,
b36,Indulgenz (13 Aussteller) für Pfarrkirche St. Michael in Schwanenstadt,Bischofablass,Rom,1290,März,11,1290 März 11,,
b37,Indulgenz für Kirche St. Peter und Paul in Salzburg,Bischofablass,Rom,1290,März,23,1290 März 23,,
b38,Indulgenz (8 Aussteller) für Abtei Heiligenkreuz,Bischofablass,"Viterbo, Orvieto",1290,August,23,1290 August 23,,
b39,Indulgenz (2 Aussteller) für Hörer von Predigten in Klosterneuburg,Bischofablass,Rom,1290,September,1,1290 September 1,,
b40,Indulgenz (9 Ausssteller) für Stift St. Cyriacus vor Braunschweig,Bischofablass,Rom,1290,,,1290 XX XX,,
b41,Indulgenz für St. Sebald in Nürnberg,Bischofablass,Rom,1290,,,1290-99-99,,
b42,Indulgenz für Kloster Neuenberg bei Fulda,Bischofablass,Rom,1290,,,1290-99-99,,
b43,Indulgenz (11 Aussteller) für Kloster Hohenholte,Bischofablass,Rom,1292,Januar,13,1292 Januar 13,,
b44,Indulgenz für Petrikirche in Braunschweig,Bischofablass,Rom,1292,,,1292 00 00,,
b45,Indulgenz (5 Aussteller) für Domherrn Conrad von Homburg,Bischofablass,Rom,1292,,,1292 00 00,,
b46,Indulgenz (10 Aussteller) für Schildesche Stiftskirche,Bischofablass,Neapel,1294,Dezember,5,1294 Dezember 05,,
b47,Indulgenz für St. Stephan in Helmstedt,Bischofablass,Neapel,1294,Dezember,13,1294 Dezember 13,,
b48,Indulgenz für das Stift Northeim,Bischofablass,Rom,1295,Februar,13,1295 Februar 13,,
b49,Indulgenz für St. Stephan in Helmstedt,Bischofablass,Rom,1295,März,1,1295 März 1,,
b50,Indulgenz für das Kloster Soest-Paradiese,Bischofablass,Rom,1295,April,1,1295 April 1,,
b51,Indulgenz für St. Stephan in Helmstedt,Bischofablass,Rom,1295,,,1295 00 00,,
b52,Indulgenz für St. Castor in Alsdorf,Bischofablass,Rom ,1295,,,1295 00 00,,
b53,Indulgenz für Pfarrkirche zu Wimpfen,Bischofablass,Rom,1295,,,1295 00 00,,
b54,Indulgenz (6 Aussteller) für Marienkirche des Nonnenklosters in Allendorf,Bischofablass,Rom,1295,Dezember,24,1295 Dezember 24,,
b55,Indulgenz (10 Aussteller) für Busdorfstift in Paderborn,Bischofablass,Rom,1296,Januar,13,1296 Januar 13,,
b56,Indulgenz (9 Aussteller) für Kirche St. Jakob und St. Johann in Raabs (an der Thaya),Bischofablass,Rom,1296,Dezember,24,1296 Dezember 24,,
b57,Indulgenz (15 Aussteller) zu Gunsten der durch Brand verheerten Kirche des Schottenklosters zu Wien,Bischofablass,Rom,1296,,,1296 00 00,,
b58,Indulgenz für Marienhospital von Braunschweig,Bischofablass,Rom,1296,,,1296 00 00,,
b59,Indulgenz (17 Aussteller) für Stift Simon und Juda in Goslar,Bischofablass,Anagni,1296,,,1296 00 00,,
b60,Indulgenz (13 Aussteller) für Stift Gandersheim,Bischofablass,Rom,1296,,,1296 00 00,,
b61,Indulgenz (27 Aussteller) für Dom zu Halberstadt,Bischofablass,Anagni,1296,,,1296 00 00,,
b62,Indulgenz (andere Aussteller) für Dom zu Halberstadt und dessen Wohltäter,Bischofablass,Anagni,1296,,,1296 00 00,,
b63,Indulgenz für Pfarrkirche St. Kilian in Heilbronn,Bischofablass,Rom,1297,März,21,1297 März 21,,
b64,Indulgenz für das Stift Altenburg,Bischofablass,Rom,1297,,,1297 00 00,,
b65,Indulgenz (19 Austeller) für Pfarrkirche und Elisabethenhospital zu Marburg,Bischofablass,Rom,1297,,,1297 00 00,,
b66,Indulgenz (12 Aussteller) für Kapelle zu Ehren der heiligen Maria in Diözese Passau in Wien,Bischofablass,Rom,1298,Februar,20,1298 Februar 20,,
b67,Indulgenz für St. Nikolauskirche zu Heiligenkreuz,Bischofablass,Rom,1298,März,,1298 März 00,,
b68,Indulgenz (12 Aussteller) für Scheyern,Bischofablass,Rom,1298,,,1298 00 00,,
b69,Indulgenz (8 andere Aussteller) für Scheyern,Bischofablass,Lateran,1299,März,,1299 März 99,,
b70,Indulgenz für Kloster Waldsassen,Bischofablass,Rom,1299,Dezember,,1299 Dezember 00,,
b71,Indulgenz für St. Georgen im Attergau,Bischofablass,Rom,1299,,,1299 00 00,,
,,,,,,,,,
,,,,,,,,,
,,,,,,,,,
s1,Peter der Lenhofer,Verwaltung-&-Wappenbriefe,X,1381,April,29,1381 IV 29,,
s2,Königin Elisabeth von Ungarn,Verwaltung-&-Wappenbriefe,Csepel,1381,Mai,6,1381 V 06,,
s3,Ulreich von Laub,Verwaltung-&-Wappenbriefe,Laab,1382,April,26,1382 IV 26,,
s4,Herzog Albrecht III.,Verwaltung-&-Wappenbriefe,Wien,1382,September,29,1382 IX 29,,
s5,Donalt Abt der Schotten,Verwaltung-&-Wappenbriefe,Wien,1390,März,21,1390 III 21,,
s6,Rudolf und Ludweig von Tyrna,Verwaltung-&-Wappenbriefe,X,1397,April,23,1397 IV 23,,
s7,Dietreich der Prenner,Verwaltung-&-Wappenbriefe,Wien,1401,Dezember,19,1401 XII 19,,
s8,Gebrüder Chronvögel,Verwaltung-&-Wappenbriefe,Wien,1403,März,19,1403 III 19,,
s9,Peter der Angervelder,Verwaltung-&-Wappenbriefe,X,1404,Oktober,29,1404 X 29,,
s10,Bruder Hanns von Zwettl,Verwaltung-&-Wappenbriefe,Wien,1407,Juni,2,1407 VI 02,,
s11,Rat der Stadt Straubing,Verwaltung-&-Wappenbriefe,X,1410,November,22,1410 XI 22,,
s12,König Sigismund,Verwaltung-&-Wappenbriefe,Ofen,1411,Februar,17,1411 II 17,,
s13,Albrecht der Zetter Bgm.,Verwaltung-&-Wappenbriefe,Wien,1411,Mai,19,1411 V 19,,
s14,Peter der Rigelpeckh,Verwaltung-&-Wappenbriefe,Wien,1413,November,14,1413 XI 14,,
s15,Barbara von Leubesdorf,Verwaltung-&-Wappenbriefe,Leobersdorf,1415,März,19,1415 III 19,,
s16,Lassla Hering an Bm.,Verwaltung-&-Wappenbriefe,X,1415,Mai,17,1415 V 17,,
s17,Johann ze Maidburg,Verwaltung-&-Wappenbriefe,Retz,1415,Juni,27,1415 VI 27,,
s18,Hans der Gallenroder,Verwaltung-&-Wappenbriefe,Wien,1415,September,16,1415 IX 16,,
s19,Graf zum Vorchtenstain,Verwaltung-&-Wappenbriefe,Forchtenstein,1416,Juni,6,1416 VI 06,,
s20,Conrad Ernst an Wien,Verwaltung-&-Wappenbriefe,Forchtenstein,1416,November,29,1416 XI 29,,
s21,Hanns Ungrim Bader,Verwaltung-&-Wappenbriefe,Wien,1417,Juni,25,1417 VI 25,,
s22,Ruodolf Angervelder,Verwaltung-&-Wappenbriefe,Wien,1419,März,10,1419 III 10,,
s23,Fridreich von Tullen,Verwaltung-&-Wappenbriefe,Wien,1420,Mai,11,1420 V 11,,
s24,Bruder Sigmund Ramung,Verwaltung-&-Wappenbriefe,Wien,1421,Februar,22,1421 II 22,,
s25,Albrecht V. Herzog von Österreich,Verwaltung-&-Wappenbriefe,Wien,1421,April,6,1421 IV 06,,
s26,Larentz Holtzkeufel,Verwaltung-&-Wappenbriefe,Wien,1421,November,6,1421 XI 06,,
s27,Sigmund Ragmung,Verwaltung-&-Wappenbriefe,Wien,1422,Dezember,1,1422 XII 01,,
s28,Hanns der Atzinger,Verwaltung-&-Wappenbriefe,Wien,1424,April,3,1424 IV 03,,
s29,Bruder Peter Prior,Verwaltung-&-Wappenbriefe,Wien,1425,August,22,1425 VIII 22,,
s30,Richter der Stadt Ofen,Verwaltung-&-Wappenbriefe,X,1425,November,23,1425 XI 23,,
s31,Ulreich Feuchter Korherr,Verwaltung-&-Wappenbriefe,X,1426,Februar,23,1426 II 23,,
s32,Bischof Nikodemus,Verwaltung-&-Wappenbriefe,Wien,1432,April,19,1432 IV 19,,
s33,Bischof Leonart von Passau,Verwaltung-&-Wappenbriefe,Wien,1432,Mai,19,1432 V 19,,
s34,Mertt Scheibelwiser,Verwaltung-&-Wappenbriefe,Wien,1432,Oktober,20,1432 X 20,,
s35,Anna witib Reydegker,Verwaltung-&-Wappenbriefe,Wien,1432,Oktober,29,1432 X 29,,
s36,Conrad der Hoeltzler,Verwaltung-&-Wappenbriefe,Wien,1432,November,19,1432 XI 19,,
s37,Supplik an König Maximilian I.,Verwaltung-&-Wappenbriefe,X,1486,,,1486-1508,,
s38,Wappenbrief für Fritz Nützel,Verwaltung-&-Wappenbriefe,Portenau,1489,August,11,1489 08.11.,,
s39,Wappenbrief für Kloster Schöntal,Verwaltung-&-Wappenbriefe,Linz,1491,Januar,18,1491 01.18.,,
s40,Wappenbrief für den Markt Hüttenberg,Verwaltung-&-Wappenbriefe,Linz,1492,Juni,20,1492 06.20.,,
s41,Wappenbrief für die Gebrüder Rechwein,Verwaltung-&-Wappenbriefe,Linz,1492,November,15,1492 11.15.,,
s42,Wappenbrief für Johann Weinangel,Verwaltung-&-Wappenbriefe,Innsbruck,1492,Dezember,29,1492 12.29.,,
s43,Wappenbrief für die Stadt Hallstatt,Verwaltung-&-Wappenbriefe,Innsbruck,1494,März,21,1494 03.21.,,
s44,Wappenbrief für Hans Bimmel,Verwaltung-&-Wappenbriefe,Innsbruck,1497,Septermber,5,1497 09.05.,,
s45,Wappenbrief für die Gebrüder Hans Ploden,Verwaltung-&-Wappenbriefe,Freiburg,1498,Septermber,18,1498 09.18.,,
,,,,,,,,,
,,,,,,,,,
,,,,,,,,,
i1,Bischofsammelindulgenz (7 Aussteller) für St. Martin in Halberstadt,weitere-Illuminierte-Urkunden,Rom,1285,September,22,1285-09-22,,
i2,"Bischofsammelindulgenz (6 Aussteller) für die Georgskirche in Obermässing, Diözese Eichstätt",weitere-Illuminierte-Urkunden,Venedig,1307,Juli,21,1307-07-21,,
i3,Bischofsammelindulgenz (16 Aussteller) für die Kapelle St. Cosmas u. Damian in San Genesio,weitere-Illuminierte-Urkunden,Avignon ,1331,August,20,1331-08-20,,
i4,Bischofsammelindulgenz (16 Aussteller) für die Martinskirche in Halberstadt,weitere-Illuminierte-Urkunden,Avignon ,1334,November,10,1334-11-10,,
i5,Bischofsammelindulgenz (18 Aussteller ) für das Heilig-Geist-Spital in Nürnberg,weitere-Illuminierte-Urkunden,Avignon ,1335,Juli,6,1335-07-06,,
i6,Bischofsammelindulgenz (19 Aussteller) für das Heilig-Geist-Spital in Nürnberg ,weitere-Illuminierte-Urkunden,Avignon ,1348,März,5,1348-03-05,,
i7,Kaiser Ludwig IV. Übertragung an das Heilig-Geist-Spital auf der Pegnitz zu Nürnberg,weitere-Illuminierte-Urkunden,Nürnberg ,1336,Oktober,25,1336-10-25,,
i8,Kaiser Ludwig IV. bestätigt die Stiftung des Heilig-Geist-Spitals zu Nürnberg,weitere-Illuminierte-Urkunden,München,1341,Februar,24,1341-02-24,,
i9,Bischofsammelindulgenz (12 Aussteller) für die Pfarrkirche St. Sebald in Nürnberg,weitere-Illuminierte-Urkunden,Avignon ,1337,Mai,26,1337-05-26,,
i10,Bischofsammelindulgenz (20 Aussteller) für den Allerseelenaltar in St. Sebald in Nürnberg,weitere-Illuminierte-Urkunden,Avignon ,1360,Mai,3,1360-05-03,,
i11,Papst Martin V. gewärt für die Verehrung des hl. Sebald einen Ablass von 7 Jahren und 7 Quadragenen,weitere-Illuminierte-Urkunden,Rom,1425,März,26,1425-03-26,,
i12,Priorin und Konvent des Katharinenklosters in Nürnberg bestätigen die Jahrstagstiftung für Konrad Waldstromer,weitere-Illuminierte-Urkunden,Nürnberg ,1362,Juli,23,1362-07-23,,
i13,Äbtissin und Konvent des Klarissenklosters in Nürnberg bestätigen die Jahrstagstiftung für K. Waldstromer,weitere-Illuminierte-Urkunden,Nürnberg ,1362,August,28,1362-08-28,,
i14,Bischof Nikolaus von Maieria erteilt einen Ablass für das Spital zu Ehren der hl. Martha in Nürnberg,weitere-Illuminierte-Urkunden,Nürnberg ,1367,Mai,1,1367-05-01,,
i15,Bischofsammelindulgenz (12 Aussteller) für die Filialkirche St. Georg in Immeldorf,weitere-Illuminierte-Urkunden,Avignon ,1360,,,1360,,
i16,Kardinalsammelindulgenz (8 Aussteller) für die Pfarrkirche St. Michael in Fürth,weitere-Illuminierte-Urkunden,Rom,1476,Dezember,3,1476-12-03,,
i17,Kardinalsammelindulgenz (24 Aussteller) für die Pfarrkirche St. Jakob in Schärding,weitere-Illuminierte-Urkunden,Rom,1500,Januar,25,1500-01-25,,
i18,Kardinalsammelindulgenz (13 Aussteller) die Petruskirche in Poppenreuth,weitere-Illuminierte-Urkunden,Rom,1501,Februar,10,1501-02-10,,
i19,Kardinalsammelindulgenz (24 Aussteller) für die Marienkapelle in Ungerhausen,weitere-Illuminierte-Urkunden,Rom,1507,Juli,20,1507-07-20,,
i20,Prunksupplik für die Familie Imhoff in Nürnberg,weitere-Illuminierte-Urkunden,Rom,1511,März,17,1511-03-17,,
i21,Prunksupplik für Anthon Tetzel den Älteren in Nürnberg,weitere-Illuminierte-Urkunden,Rom,1513,März,11,1513-03-11,,
i22,Kardinalsammelindulgenz (5 Aussteller) für die Pfarrkirche St. Lorenz in Nürnberg,weitere-Illuminierte-Urkunden,Rom,1518,Januar,2,1518-01-02,,
,,,,,,,,,
,,,,,,,,,
wa1,König Pippin schenkt dem Salvatorkloster Fulda die villa Deiningen im Riesgau an der Eger,weitere-Illuminierte-Urkunden,Attigny,760,Juni,,760-06-99,,
wa2,König Karlmann an den Abt des Klosters St. Gregor in Munster,weitere-Illuminierte-Urkunden,Attigny,769,März,,769 03. 22.,,
wa3,König Karl der Große Schenkung an das Kloster Hersfeld,weitere-Illuminierte-Urkunden,Düren,775,Oktober,,775 10. 25.,,
wa4,Kaiser Ludwig der Fromme bestätigt der Kirche von Paris Zollfreiheit im gesamten Reich.,weitere-Illuminierte-Urkunden,Aachen ,814,September,,814 09. 09.,,
wa5,Kaiser Karl der Kahle für Baudri,weitere-Illuminierte-Urkunden,Verceil,877,September,9,0877-09-09,,
wa6,Kaiser Otto Dotalurkunde für seine Gemahlin Theophanu,weitere-Illuminierte-Urkunden,Rom,972,April,14,0972-04-14,,
wa7,Magister Mel von Bari heiratet Alfarana und übergibt ihr ein Viertel seines Besitzes als Morgengabe,weitere-Illuminierte-Urkunden,Bari ,1028,Dezember,,1028-12-99,,
wa8,Kaiser Heinrich IV. schenkt dem Stift des hl. Valerius zu Goslar verschiedene Güter,weitere-Illuminierte-Urkunden,Goslar,1071,November,28,1071-11-28,,
wa9,"Raoul, Erzbischof von Reims, für Pierre I de Dammartin, Bischof von Beauvais.",weitere-Illuminierte-Urkunden,Reims,1118,,,1118-99-99,,
wa10,Eidesformel für Juden ,weitere-Illuminierte-Urkunden,Erfurt,1210,,,1210,,
wa11,Herzog Heinrich II. von Österreich verspricht dem Sift Klosterneuburg verschiedene Privilegien,weitere-Illuminierte-Urkunden,Wien ,1162,,,1162-99-99,,
wa12,Papst Lucius nimmt das Kloster Peter und Paul in Paderborn in den pästlichen Schutz,weitere-Illuminierte-Urkunden,Velletri,1183,Februar,27,1183-02-27,,
wa13,"Wilhelm [von Blois], Erzbischof von Reims und Kardinal von Sabina entscheidet in einer Streitsache",weitere-Illuminierte-Urkunden,unbekannt,1188,,,1188-99-99,,
wa14,Bischof Theobaldus v. Passau bestätigt Verkauf der Besitzungen des Augustiner Chorherrenstiftes Waldhausen,weitere-Illuminierte-Urkunden,Krems,1189,Juli,,1189-07-99,,
wa15,Papst Clemens III. nimmt die deutschen Brüder der Kirche St. Mariens zu Jerusalem in seinen Schutz,weitere-Illuminierte-Urkunden,Rom,1191,Februar,6,1191-02-06,,
wa16,Propst Friedrich des Prämonstratenserstiftes Clarholz erhält verschieden Besitztümer,weitere-Illuminierte-Urkunden,unbekannt,1196,,,1196-99-99,,
wa17,"Acte d’Aliénor d’Aquitaine, reine d’Angleterre, duchesse de Normandie et d’Aquitaine, comtesse d’Anjou",weitere-Illuminierte-Urkunden,La Rochelle,1196,,,1196,,
,,,,,,,,,
,,,,,,,,,
wb1,Chirograph für die Abtei Saint Corneille in Compiègne nördlich Paris ,weitere-Illuminierte-Urkunden,Compiègne ,1200,,,1200,,
wb2,Petrus Appollonius von Bari übergibt seiner Braut Romana die Morgengabe,weitere-Illuminierte-Urkunden,Bari,1202,Dezember,3,1202-12-03,,
wb3,"Kaiser Otto IV. nimmt das Zisterzienserkloster Walkenried in seinen Schutz, Urk. 45",weitere-Illuminierte-Urkunden,Terni,1209,Dezember,24,1209-12-24,,
wb4,"Kaiser Otto IV. schenkt der Kirche von Walkenried verschiedene Güter, Urk. 46",weitere-Illuminierte-Urkunden,Terni,1209,Dezember,24,1209-12-24,,
wb5,Papst Honorius bestätigt dem Kloster zu Michaelbeuern das Patronatsrecht über die Kirche in Sulz ,weitere-Illuminierte-Urkunden,Rom,1216,April,15,1216-04-15,,
wb6,Papst Honorius bestätigt dem Domkapitel von Salzburg verschiedene Besitztümer,weitere-Illuminierte-Urkunden,Rieti,1225,August,12,1225-08-12,,
wb7,Kaiser Friedrich II. gestattet dem Deutschen Orden das Kulmer Land und das Preußenland zu erobern,weitere-Illuminierte-Urkunden,Rimini,1226,März,,1226-03-99,,
wb8,Papst Gregor IX. bestätigt dem Kloster Weissenau das Patronatsrecht der Pfründe in Bregenz,weitere-Illuminierte-Urkunden,Rieti,1226,März,,1226-03-99,,
wb9,Papst Gregor IX. fordert für den Bau des Dominikanerklosters in Worms zu Almosen und Hilfen auf,weitere-Illuminierte-Urkunden,Perugia,1229,August,25,1229-08-25,,
wb10,Papst Gregor IX. bestätigt dem Deutschen Orden die Schenkung der Burg Kulm durch Hzg. Konrad v. Masowien,weitere-Illuminierte-Urkunden,Anagni,1230,September,12,1230-09-12,,
wb11,Erzbischof Eberhard II. von Salzburg bestätigt die Gründung des Stiffts Altötting durch Hzg. Ludwig von Bayern,weitere-Illuminierte-Urkunden,Salzburg,1231,August,25,1231-08-25,,
wb12,Mathilde II. Gräfin von Boulogne leistet dem König von Franreich den Lehnseid für drei Grafschaften,weitere-Illuminierte-Urkunden,St-Germain-en-Laye,1233,Januar,,1233-01-99,,
wb13,Bischofsammelindulgenz für die Kirche Altötting,weitere-Illuminierte-Urkunden,Salzburg,1233,Februar,20,1233-02-20,,
wb14,Papst Gregor IX. nimmt das Kulmerland und in Preußen erobertes Land als Eigentum unter seinen Schutz,weitere-Illuminierte-Urkunden,Rieti,1234,August,3,1234-08-03,,
wb15,Papst Gregor IX. nimmt das Zisterzienserkloster zu Plözke in Brandenburg in seinen Schutz,weitere-Illuminierte-Urkunden,Spoleto,1234,August,21,1234-08-21,,
wb16,Kaiser Friedrich II. schenkt an Graf Raymond VII. von Toulouse das Comtat Venaissin ,weitere-Illuminierte-Urkunden,Montefiascone,1234,September,,1234 Sept.,,
wb17,Papst Gregor IX. für den Templerorden,weitere-Illuminierte-Urkunden,Anagni,1238,September,22,1238-09-22,,
wb18,"Aldericus, Bischof von Trient, verleiht eine Ablass für das Katharinenhospital in Regensburg",weitere-Illuminierte-Urkunden,Trient,1241,Januar,15,1241-01-15,,
wb19,Belrein in Eselsberg stiftet der Kirche in Maulbronn Güter und Gülten in Gündelbach und Lichtenberg,weitere-Illuminierte-Urkunden,unbekannt,1241,Juni,26,1241-06-26,,
wb20,Kaiser Friedrich II. bekundet von Graf Hartmann von Grüningen die Grafschaft im Allgäu gekauft zu haben,weitere-Illuminierte-Urkunden,Capua,1243,April,,1243-04-99,,
wb21,Kaiser Friedrich II. nimmt das Heilig Geist Spital in Ulm mit allen seinen Besitzungen in des Reiches Schutz,weitere-Illuminierte-Urkunden,Viterbo,1243,Oktober,,1243-10-99,,
wb22,Übereinkunft zwischen Graf Konrad von Freiburg und der Stadt Freiburg,weitere-Illuminierte-Urkunden,Freiburg,1248,Mai,,1248-05-99,,
wb23,Erzbischof Wilbrand von Magdeburg für die Dominikaner in Magdeburg,weitere-Illuminierte-Urkunden,Magdeburg,1248,Juli,10,1248-07-10,,
wb24,Der römische König Wilhelm bestätigt dem Kloster Bebenhausen alle bisher verliehenen Privilegien,weitere-Illuminierte-Urkunden,Hammerstein,1255,März,25,1255-03-25,,
wb25,Papst Alexander IV. gewährt der Kirche der Minoriten in Mainz einen Ablass von 100 Tagen,weitere-Illuminierte-Urkunden,Anagni,1256,Juli,1,1256-07-01,,
wb26,Der römische König Richard von Cornwall nimmt das Kloster Maulbronn in seinen Schutz,weitere-Illuminierte-Urkunden,Köln,1257,Juni,16,1257-06-16,,
wb27,"Papst Alexander IV. bestätigt, dass der Deutsche Orden nicht der Exkummunikation unterliegt",weitere-Illuminierte-Urkunden,Viterbo,1257,Juni,16,1257-06-16,,
wb28,König Louis IX. von Frankreich befreit die Abtei von St. Denis von allen Abgaben,weitere-Illuminierte-Urkunden,Melun,1259,Januar,,1259-01-99,,
wb29,Markgraf Otto III. von Brandenburg schenkt dem Nonnenkloster Spandau Land im Dorf Schöneberg,weitere-Illuminierte-Urkunden,Spandau,1264,November,3,1264-11-03,,
wb30,Vergleich zwischen Kloster Alpirsbach und Kloster Bebenhausen,weitere-Illuminierte-Urkunden,Grötzingen,1269,,,1269-99-99,,
wb31,Ritter Johann von Warsberg schenkt der Abtei St. Matthias in Trier Besitz im Dorf Pachten,weitere-Illuminierte-Urkunden,unbekannt,1271,Januar,7,1271-01-07,,
wb32,Abt Eberhart und der Konvent von Bebenhausen bestätigen den Kauf von Gütern in Bondorf,weitere-Illuminierte-Urkunden,unbekannt,1272,,,1272-99-99,,
wb33,Bischof Konrad III. von Straßburg gewährt einen Ablass,weitere-Illuminierte-Urkunden,unbekannt,1274,,,1274,,
wb34,Bischofsammelindulgenz für die Mutter-oder Pfarrkirche zu Wien,weitere-Illuminierte-Urkunden,Wien,1277,Februar,9,1277-02-09,,
wb35,König Rudolf I. bestätigt dem Domkapitel in Salzburg eine Urkunde Kaiser Friedrichs II.,weitere-Illuminierte-Urkunden,Wien,1277,August,6,1277-08-06,,
wb36,Bischofsammelindulgenz (10 Aussteller) für das Kloster Kemnade,weitere-Illuminierte-Urkunden,Orvieto,1283,Juli,14,1283-07-14,,
wb37,König Philipp III. von Frankreich erteilt Zustimmung zu einem Vertrag vom Mai 1283,weitere-Illuminierte-Urkunden,Souvigny,1283,November,,1283-11-99,,
wb38,König Philipp III. von Frankreich übergibt seinem Schildknappen Hermier zahlreiche Einkünfte,weitere-Illuminierte-Urkunden,Paris,1284,Januar,,1284-01-99,,
wb39,Bischofsammelindulgenz (15 Aussteller) für das Kloster Berge,weitere-Illuminierte-Urkunden,Orvieto,1284,Juni,18,1284-06-18,,
wb40,Bischofsammelindulgenz (10 Aussteller) für die Kapitelkirche Mariengreden in Mainz,weitere-Illuminierte-Urkunden,Orvieto,1284,September,1,1284-09-01,,
wb41,Bischofsammelindulgenz ( 7 Aussteller) für St. Martin in Halberstadt ,weitere-Illuminierte-Urkunden,Rom,1285,September,22,1285-09-22,,
wb42,Bischofsammelindulgenz (18 Aussteller) zum Wiederaufbau der abgebrannten Kirche Mariengreden in Mainz,weitere-Illuminierte-Urkunden,Würzburg,1287,März,23,1287-03-23,,
wb43,Bischofsammelindulgenz (12 Aussteller) für das Zisterzienserkloster Waldsassen,weitere-Illuminierte-Urkunden,Würzburg,1287,März,23,1287-03-23,,
wb44,Bischofsammelindulgenz (3 Aussteller) für das Seelenheil Hzg. Heinrich II. Stifter des Schottenklosters Wien,weitere-Illuminierte-Urkunden,Rieti,1288,,,1288-99-99,,
wb45,Bischofsammelindulgenz (4 Aussteller) für das Kloster Melk,weitere-Illuminierte-Urkunden,Rom,1288,,,1288,,
wb46,Bischofsammelindulgenz (2 Aussteller) für die neu errichtete Kapelle in Klosterneuburg,weitere-Illuminierte-Urkunden,Klosterneuburg,1288,März,21,1288-03-21,,
wb47,Bischofsammelindulgenz (12 Aussteller) für die Kapelle der hl. Märtyrer Gangolf u. Laurentius in Einsideln,weitere-Illuminierte-Urkunden,Rieti,1288,Mai,13, 1288 05.13,,
wb48,Bischofsammelindulgenz (3 Aussteller) für das Schottenkloster in Wien,weitere-Illuminierte-Urkunden,Rieti,1288,,,1288-99-99,,
wb49,Bischofsammelindulgenz (20 Aussteller) für das Zisterzienserinnenkloster in Mainz,weitere-Illuminierte-Urkunden,Rom,1289,,,1289-99-99,,
wb50,Bischofsammelindulgenz (10 Aussteller) für die Kirche St. Peter in München,weitere-Illuminierte-Urkunden,Rom,1289,,,1289,,
wb51,Bischofsammelindulgenz (16 Aussteller) für die Marienkirche des Nonnenklosters in Allendorf,weitere-Illuminierte-Urkunden,Rom,1289,Februar,22,1289-02-22,,
wb52,Bischofsammelindulgenz (10 Aussteller) für das Benediktinerkloster Abdinghof in Paderborn,weitere-Illuminierte-Urkunden,Rom,1289,April,9,1289-04-09,,
wb53,Bischofsammelindulgenz (16 Aussteller) für das Kloster Hersfeld ,weitere-Illuminierte-Urkunden,Rom,1289,April,13,1289-04-13,,
wb54,Bischofsammelindulgenz (10 Aussteller) zum Wohl des Klosters Hersfeld einen Ablass von 40 Tagen ,weitere-Illuminierte-Urkunden,Rom,1289,Dezember,13,1289-12-13,,
wb55,Halberstatter Ablasstafel ,weitere-Illuminierte-Urkunden,Halberstatt,1300,,,1300 circa,,
wb56,Bischofsammelindulgenz (11 Aussteller) für das Kloster Hohenholte,weitere-Illuminierte-Urkunden,Rom,1292,Januar,13,1292-01-13,,
wb57,Bischofsammelindulgenz (10 Aussteller) für die Schildesche Stiftskirche,weitere-Illuminierte-Urkunden,Neapel,1294,Dezember,5,1294-12-05,,
wb58,Bischofsammelindulgenz (8 Aussteller) für das St. Blasien Kloster in Northeim ,weitere-Illuminierte-Urkunden,Rom,1295,Februar,13,1295-02-13,,
wb59,Bischofsammelindulgenz (10 Aussteller) für das Kloster Soest-Paradiese,weitere-Illuminierte-Urkunden,Rom,1295,April,1,1295-04-01,,
wb60,Bischofsammelindulgenz (6 Aussteller) für die Marienkirche des Nonnenklosters Allendorf,weitere-Illuminierte-Urkunden,Rom,1295,Dezember,24,1295-12-24,,
wb61,Bischofsammelindulgenz (27 Aussteller) für den Dom zu Halberstadt,weitere-Illuminierte-Urkunden,Anagni,1296,,,1296-99-99,,
wb62,Bischofsammelindulgenz (16 Aussteller) für den Dom zu Halberstadt und dessen Wohltäter,weitere-Illuminierte-Urkunden,Anagni,1296,,,1296-99-99,,
wb63,Bischofsammelindulgenz (13 Aussteller) für das Stift Gandersheim,weitere-Illuminierte-Urkunden,Rom,1296,,,1296-99-99,,
wb64,Bischofsammelindulgenz (9 Aussteller) für die Kirche St. Jakob u. St. Johann in Raabs an der Thaya,weitere-Illuminierte-Urkunden,Rom,1296,Dezember,24,1296-12-24,,
wb65,Der französische König Philippe IV.,weitere-Illuminierte-Urkunden,Courtray,1297,September,,1297-09-99,,
wb66,König Philippe IV. erhebt das Herzogtum Bretagne in den Rang eines königlichen Pairs,weitere-Illuminierte-Urkunden,Courtray,1297,September,,1297-09-99,,
wb67,Bischofsammelindulgenz (13 Aussteller) für die Nikolauskirche zu Heiligenkreuz,weitere-Illuminierte-Urkunden,Rom,1298,März,,1298-03-99,,
wb68,Bischofsammelindulgenz (3 Aussteller) für Kloster Seeon ,weitere-Illuminierte-Urkunden,Rom,1299,,,1299-99-99,,
wb69,Bischofsammelindulgenz (8 Aussteller) für die Nikolaikirche zu Eger,weitere-Illuminierte-Urkunden,Rom,1299,März,,1299-03-99,,
wb70,Bischofsammelindulgenz (17 Aussteller) für Waldsassen ,weitere-Illuminierte-Urkunden,Rom,1299,Dezember,,1299-12-99,,
,,,,,,,,,
,,,,,,,,,
,,,,,,,,,
wc1,Bischofsammelindulgenz (6 Aussteller) für die Kirche St. Autor und St. Magni in Honrode,weitere-Illuminierte-Urkunden,Rom,1300,,,1300-99-99,,
wc2,Bischofsammelindulgenz (14 Aussteller) für Windischsteig,weitere-Illuminierte-Urkunden,Rom,1300,,,1300-99-99,,
wc3,Bischofsammelindulgenz (23 Aussteller) für die Veitskirche in Krems,weitere-Illuminierte-Urkunden,Rom,1300,März,,1300-03-99,,
wc4,Bischofsammelindulgenz (6 Aussteller) für die Petrikirche in Braunschweig ,weitere-Illuminierte-Urkunden,Rom,1300,,,1300-99-99,,
wc5,König Philippe IV. gewährt seinem Vasallen Jean de Chambly Rechte über 28 Morgen Wald ,weitere-Illuminierte-Urkunden,Lyon,1304,Juli,,1304-07-99,,
wc6,König Philippe IV. u. seine Frau versprechen ihren Sohn Louis mit Marguerite von Burgund zu verheiraten,weitere-Illuminierte-Urkunden,Paris,1305,Januar,10,1305-01-10,,
wc7,Erzbischof Heinrich von Köln überträgt Reliquien der 11000 Jungfrauen aus St. Ursula in Köln an Florenz,weitere-Illuminierte-Urkunden,Köln,1307,Dezember,28,1307-12-28,,
wc8,Der Lütticher Bischof Adolf von der Mark vidimiert die Reliquienübertragung von Köln nach Florenz,weitere-Illuminierte-Urkunden,Lüttich,1315,Mai,23,1315-05-23,,
wc9,Bischofsammelindulgenz (12 Aussteller) für den neuen Altar im Spital zu Gröningen,weitere-Illuminierte-Urkunden,Avignon,1318,Februar,17,1318-02-17,,
wc10,Bischofsammelindulgenz (20 Aussteller) für die Peterskirche auf dem Vyšehrad bei Prag,weitere-Illuminierte-Urkunden,Avignon,1319,Februar,,1319-02-99,,
wc11,Bischofsammelindulgenz (12 Aussteller) für die Klosterkirche von Abbenrode u. die Kirche Külingerode,weitere-Illuminierte-Urkunden,Avignon,1321,Januar,21,1321-01-21,,
wc12,Bischofsammelindulgenz (7 Aussteller) für den Nikolausaltar in der Krypta der Gandersheimer Stiftskirche,weitere-Illuminierte-Urkunden,Avignon,1324,April,7,1324-04-07,,
wc13,Bericht über die wunderbare Verlegung und Weihe des Klosters Marienstatt und die zu gewinnenden Avbässe,weitere-Illuminierte-Urkunden,Marienstatt,1324,Dezember,27,1324-12-27,,
wc14,Bischofsammelindulgenz (10 Aussteller) für die Marienkirche zu Reichersberg,weitere-Illuminierte-Urkunden,Avignon,1326,April,3,1326-04-03,,
wc15,Bischofsammelindulgenz (13 Aussteller) für die Kapelle in der Potterie in Brügge,weitere-Illuminierte-Urkunden,Avignon,1326,Juni,26,1326-06-26,,
wc16,Bischofsammelindulgenz (12 Aussteller) für die Marienkapelle des Hauses von Otto II. Haimo in Wien,weitere-Illuminierte-Urkunden,Avignon,1327,September,30,1327-09-30,,
wc17,"Bischofsammelindulgenz (10 Aussteller) für die Kirche St. Leonhard in Zoutleeuw, Diözese Lüttich",weitere-Illuminierte-Urkunden,Avignon,1328,Juni,7,1328-06-07,,
wc18,Bischofsammelindulgenz (17 Aussteller) für die Antonius-Kapelle in Heggen,weitere-Illuminierte-Urkunden,Avignon,1329,,,1329-99-99,,
wc19,Bischofsammelindulgenz (14 Aussteller) für die Johannes-Kapelle des Benediktinerinnenklosters in Vilich,weitere-Illuminierte-Urkunden,Avignon,1329,Januar,17,1329-01-17,,
wc20,Bischofsammelindulgenz (14 Aussteller) für das Dominikanerinnenkloster in Kirchberg,weitere-Illuminierte-Urkunden,Avignon,1329,August,29,1329-08-29,,
wc21,Bischofsammelindulgenz (14 Aussteller) für die Habsburgergräber im Kloster Königsfelden,weitere-Illuminierte-Urkunden,Avignon,1329,September,6,1329-09-06,,
wc22,Bischofsammelindulgenz (16 Aussteller) für die Kapelle im Schloss Reifenstein bei Sterzing,weitere-Illuminierte-Urkunden,Avignon,1330,April,6,1330-04-06,,
wc23,Bischofsammelindulgenz (15 Aussteller) für das Kloster Gladbach und die dortige Kapelle,weitere-Illuminierte-Urkunden,Avignon,1330,April,10,1330-04-10,,
wc24,Bischofsammelindulgenz (20 Aussteller) für die Kapelle des hl. Remigius in Itterswiller (Elsass),weitere-Illuminierte-Urkunden,Avignon,1330,Mai,19,1330-05-19,,
wc25,Bischofsammelindulgenz (6 Aussteller) für die Pfarrkirche St. Jakob in Neustadt an der Donau,weitere-Illuminierte-Urkunden,Avignon,1331,April,30,1331-04-30,,
wc26,Bischofsammelindulgenz (12 Aussteller) für die Kapelle im Montafon,weitere-Illuminierte-Urkunden,Avignon,1332,Juni,12,1332-06-12,,
wc27,"Bischofsammelindulgenz (12 Aussteller) für das Kloster St. Gallen und all seine Altäre, Kirchen und Kapellen ",weitere-Illuminierte-Urkunden,Avignon,1333,Mai,20,1333-05-20,,
wc28,Bischofsammelindulgenz (18 Aussteller) für die Burgkapelle zu Stein bei Oberdrauburg,weitere-Illuminierte-Urkunden,Avignon,1334,Juni,24,1334-06-24,,
wc29,Bischofsammelindulgenz (15 Aussteller) für die Klosterkirche von Burtscheid,weitere-Illuminierte-Urkunden,Avignon,1335,Januar,11,1335-01-11,,
wc30,Bischofsammelindulgenz (15 Aussteller) für die Egidiuskapelle des Deutschen Ordens in Aachen ,weitere-Illuminierte-Urkunden,Avignon,1335,Januar,15,1335-01-15,,
wc31,Bischofsammelindulgenz (12 Aussteller) für die St. Michaelskirche in Rottweil ,weitere-Illuminierte-Urkunden,Avignon,1337,Mai,12,1337-05-12,,
wc32,Bischofsammelindulgenz (4 Aussteller) für das Kloster Weingarten ,weitere-Illuminierte-Urkunden,Avignon,1340,Februar,15,1340-02-15,,
wc33,Bischofsammelindulgenz (13 Aussteller) für die Kirche in Fröndenberg,weitere-Illuminierte-Urkunden,Avignon,1342,Januar,2,1342-01-02,,
wc34,Kaiser Ludwig IV. der Bayer bestätigt der Stadt Passau alle Privilegien seiner Vorgänger,weitere-Illuminierte-Urkunden,München,1345,November,17,1345-11-17,,
wc35,Bischofsammelindulgenz (12 Aussteller) für das Kloster Hirsau,weitere-Illuminierte-Urkunden,Avignon,1347,Januar,12,1347-01-12,,
,,,,,,,,,
,,,,,,,,,
,Ordner 7c 4 Urkunden,weitere-Illuminierte-Urkunden,,,,,,,
wd1,Bischofsammelindulgenz (12 Aussteller) für die Kirche in Ems und die Kapelle auf Schloss Hohenens,weitere-Illuminierte-Urkunden,Avignon,1351,Juni,13,1351-06-13,,
wd2,Die Stadt Speyer besimmt für alle dort lebenden Juden eine Wohngegend und nimmt sie in ihren Schutz,weitere-Illuminierte-Urkunden,Speyer,1354,August,18,1354-08-18,,
wd3,"Bischofsammelindulgenz (12 Aussteller) für die Pfarrkirche St. Stephan in Thüringen, Diözese Chur",weitere-Illuminierte-Urkunden,Avignon,1358,April,22,1358-04-22,,
wd4,"Notariatsinstrument zwischen Ludwig Thierstein, Kantor der Baseler Kirche, u. Heinrich, magister fabricae dort",weitere-Illuminierte-Urkunden,Basel,1360,April,25,1360-04-25,,
,,,,,,,,,
,,,,,,,,,
,Ordner 7d  2 Urkunden ,weitere-Illuminierte-Urkunden,,,,,,,
wd5,Papstindulgenz von Bonifaz IX. für die Kapelle auf der Prager Burg  (Portiuncula Ablass),weitere-Illuminierte-Urkunden,Rom,1399,März,25,1399-03-25,,
wd6,Papstindulgenz von Bonifaz IX. für die Kapelle auf der Prager Burg  (Venedig Ablass),weitere-Illuminierte-Urkunden,Rom,1399,März,25,1399-03-25,,
,,,,,,,,,
,,,,,,,,,
,,,,,,,,,
,,,,,,,,,
wd7,"Wiener Gottsleichnamsbruderschaft bei St. Stephan  (ohne Bild, nur Text)",weitere-Illuminierte-Urkunden,Wien,1504,,,1504 bis 1530,,
wd8,Wiener Kaufmannsbruderschaft bei St. Stephan  ,weitere-Illuminierte-Urkunden,Wien,1513,Februar,13,1513-02-13,,
wd9,Kardinalsammelindulgenz (23 Aussteller) für die Kirche St. Ägidius in Fusch an der Glocknerstraße,weitere-Illuminierte-Urkunden,Rom,1513,März,2,1513-03-02,,
wd10,Kardinalsammelindulgenz (10 Aussteller) für die Erasmus- und Helenenkapelle in Wien,weitere-Illuminierte-Urkunden,Rom ,1513,April,20,1513-04-20,,
wd11,Kardinalsammelindulgenz (12 Aussteller) für die Pfarrkirche der hl. Stephan u. Laurenz in Lindenberg (Allgäu),weitere-Illuminierte-Urkunden,Rom,1518,September,3,1518-09-03,,
wd12,Kardinalsammelindulgenz (12 Aussteller) für die Kapelle Sankta Maria in Marsdorf bei Frechen,weitere-Illuminierte-Urkunden,Rom ,1514,November,23,1514 11. 23,,